	1,0,0,1,0.65594417,[(1, 0.65594417), (2, 0.33353168)]
	2,0,0,1,0.5992776,[(0, 0.10002564), (1, 0.5992776), (2, 0.100025795), (3, 0.10003007), (4, 0.10064087)]
	3,0,0,1,0.9921073,[(1, 0.9921073)]
	4,0,0,1,0.50685656,[(0, 0.22777577), (1, 0.50685656), (3, 0.25884044)]
	5,0,0,1,0.59927756,[(0, 0.10002565), (1, 0.59927756), (2, 0.1000258), (3, 0.10003008), (4, 0.10064097)]
	6,0,0,2,0.7135658,[(0, 0.28012457), (2, 0.7135658)]
	7,0,0,1,0.9683144,[(1, 0.9683144)]
	8,0,0,0,0.8069864,[(0, 0.8069864), (2, 0.044409793), (4, 0.14417507)]
	9,0,0,3,0.9832667,[(3, 0.9832667)]
	10,0,0,0,0.55073357,[(0, 0.55073357), (1, 0.43821985)]
	11,0,0,2,0.9424503,[(2, 0.9424503), (3, 0.047594275)]
	12,0,0,2,0.5512828,[(0, 0.4420518), (2, 0.5512828)]
	13,1,0,2,0.4250606,[(0, 0.3657002), (2, 0.4250606), (3, 0.08049114), (4, 0.12612799)]
	14,0,0,1,0.7549677,[(0, 0.23624043), (1, 0.7549677)]
	15,0,0,1,0.7670452,[(0, 0.22403173), (1, 0.7670452)]
	16,0,0,0,0.5283081,[(0, 0.5283081), (1, 0.19980581), (2, 0.073588386), (3, 0.19606826)]
	17,0,0,1,0.9912373,[(1, 0.9912373)]
	18,0,0,1,0.5992745,[(0, 0.10002565), (1, 0.5992745), (2, 0.1000258), (3, 0.10003009), (4, 0.100643955)]
	19,0,0,4,0.59008336,[(1, 0.380653), (4, 0.59008336)]
	20,0,0,1,0.9899631,[(1, 0.9899631)]
	21,0,0,0,0.98774916,[(0, 0.98774916)]
	22,0,0,1,0.59927166,[(0, 0.10002565), (1, 0.59927166), (2, 0.1000258), (3, 0.10003009), (4, 0.100646816)]
	23,5,0,1,0.55619717,[(1, 0.55619717), (2, 0.43581945)]
	24,0,0,1,0.8101301,[(0, 0.18338577), (1, 0.8101301)]
	25,0,0,0,0.9939743,[(0, 0.9939743)]
	26,0,0,0,0.9649591,[(0, 0.9649591), (1, 0.028007781)]
	27,0,0,0,0.9596447,[(0, 0.9596447), (3, 0.034064796)]
	28,0,0,0,0.70307344,[(0, 0.70307344), (2, 0.20678982), (4, 0.08614606)]
	29,1,0,2,0.99148065,[(2, 0.99148065)]
	30,0,0,0,0.6643307,[(0, 0.6643307), (3, 0.044780917), (4, 0.28448257)]
	31,0,0,0,0.85541695,[(0, 0.85541695), (4, 0.13298745)]
	32,0,0,0,0.7851675,[(0, 0.7851675), (4, 0.2047285)]
	33,0,0,0,0.9277934,[(0, 0.9277934), (2, 0.06831721)]
	34,5,0,2,0.78629005,[(0, 0.20714478), (2, 0.78629005)]
	35,0,0,0,0.9876114,[(0, 0.9876114)]
	36,0,0,1,0.35986185,[(1, 0.35986185), (2, 0.33083075), (4, 0.30336514)]
	37,0,0,1,0.5992768,[(0, 0.10002565), (1, 0.5992768), (2, 0.1000258), (3, 0.10003008), (4, 0.10064173)]
	38,0,0,4,0.9950989,[(4, 0.9950989)]
	39,0,0,1,0.59927475,[(0, 0.10002565), (1, 0.59927475), (2, 0.1000258), (3, 0.10003009), (4, 0.10064376)]
	40,0,0,0,0.98154676,[(0, 0.98154676)]
	41,5,0,2,0.7815035,[(0, 0.20881008), (2, 0.7815035)]
	42,5,0,2,0.8865699,[(0, 0.107893564), (2, 0.8865699)]
	43,0,0,2,0.3784737,[(0, 0.16615224), (1, 0.34216693), (2, 0.3784737), (3, 0.111585215)]
	44,0,0,0,0.988417,[(0, 0.988417)]
	45,5,0,2,0.9919341,[(2, 0.9919341)]
	46,5,0,2,0.63002986,[(0, 0.21132039), (1, 0.15383404), (2, 0.63002986)]
	47,5,0,4,0.5518802,[(1, 0.44331858), (4, 0.5518802)]
	48,5,0,3,0.5602828,[(2, 0.42997673), (3, 0.5602828)]
	49,0,0,1,0.6203894,[(0, 0.16480976), (1, 0.6203894), (4, 0.21206982)]
	50,0,0,0,0.8759228,[(0, 0.8759228), (1, 0.110135876)]
	51,5,0,2,0.7688311,[(2, 0.7688311), (4, 0.22028515)]
	52,0,0,2,0.53980887,[(0, 0.10111694), (1, 0.23966345), (2, 0.53980887), (4, 0.11743896)]
	53,0,0,1,0.59927016,[(0, 0.10002565), (1, 0.59927016), (2, 0.1000258), (3, 0.100030094), (4, 0.10064828)]
	54,0,0,2,0.680324,[(1, 0.31069413), (2, 0.680324)]
	55,5,0,2,0.9905513,[(2, 0.9905513)]
	56,0,0,4,0.6116834,[(1, 0.3736899), (4, 0.6116834)]
	57,0,0,1,0.5357644,[(1, 0.5357644), (2, 0.2626714), (4, 0.19351564)]
	58,0,0,0,0.98637605,[(0, 0.98637605)]
	59,9,1,0,0.98804235,[(0, 0.98804235)]
	60,0,0,4,0.74583304,[(3, 0.24469037), (4, 0.74583304)]
	61,0,0,4,0.9938676,[(4, 0.9938676)]
	62,5,0,2,0.51646304,[(1, 0.34669858), (2, 0.51646304), (4, 0.12972863)]
	63,0,0,2,0.58706117,[(2, 0.58706117), (4, 0.40267158)]
	64,5,0,1,0.83462644,[(0, 0.15916288), (1, 0.83462644)]
	65,1,0,2,0.995046,[(2, 0.995046)]
	66,0,0,1,0.6352617,[(1, 0.6352617), (2, 0.3576055)]
	67,5,0,2,0.5141507,[(1, 0.24637869), (2, 0.5141507), (4, 0.2339482)]
	68,0,0,1,0.57366043,[(1, 0.57366043), (4, 0.41952452)]
	69,0,0,1,0.73858976,[(0, 0.24883462), (1, 0.73858976)]
	70,9,1,4,0.68678284,[(0, 0.22582282), (1, 0.083596766), (4, 0.68678284)]
	71,0,0,2,0.6387892,[(0, 0.08917593), (1, 0.26797816), (2, 0.6387892)]
	72,1,0,2,0.87531316,[(2, 0.87531316), (3, 0.05808338), (4, 0.058433488)]
	73,9,1,2,0.9913176,[(2, 0.9913176)]
	74,0,0,0,0.98068285,[(0, 0.98068285)]
	75,5,0,2,0.9892679,[(2, 0.9892679)]
	76,5,0,2,0.67382663,[(1, 0.092166685), (2, 0.67382663), (4, 0.22863095)]
	77,0,0,0,0.9886363,[(0, 0.9886363)]
	78,0,0,2,0.62642974,[(1, 0.36724767), (2, 0.62642974)]
	79,0,0,1,0.9823199,[(1, 0.9823199)]
	80,0,0,0,0.6775251,[(0, 0.6775251), (1, 0.3080792)]
	81,1,0,2,0.7254977,[(0, 0.26571915), (2, 0.7254977)]
	82,9,1,2,0.6734431,[(0, 0.32195058), (2, 0.6734431)]
	83,9,1,2,0.84626037,[(2, 0.84626037), (4, 0.14636283)]
	84,0,0,0,0.7729861,[(0, 0.7729861), (4, 0.22164279)]
	85,0,0,1,0.8010706,[(1, 0.8010706), (4, 0.1898975)]
	86,0,0,0,0.7899976,[(0, 0.7899976), (1, 0.20293905)]
	87,0,0,2,0.47767764,[(0, 0.28641492), (2, 0.47767764), (3, 0.23220086)]
	88,0,0,0,0.9860467,[(0, 0.9860467)]
	89,0,0,0,0.97895664,[(0, 0.97895664)]
	90,0,0,0,0.93786746,[(0, 0.93786746), (2, 0.055947073)]
	91,0,0,1,0.3235939,[(0, 0.24005553), (1, 0.3235939), (2, 0.3059185), (4, 0.12835798)]
	92,0,0,4,0.5730226,[(2, 0.41742676), (4, 0.5730226)]
	93,0,0,0,0.8584499,[(0, 0.8584499), (2, 0.026198981), (4, 0.108916156)]
	94,0,0,0,0.98664814,[(0, 0.98664814)]
	95,0,0,0,0.8502806,[(0, 0.8502806), (1, 0.114433534), (2, 0.029372875)]
	96,0,0,2,0.53383356,[(2, 0.53383356), (4, 0.46080348)]
	97,5,0,2,0.9886098,[(2, 0.9886098)]
	98,0,0,1,0.672299,[(0, 0.28990653), (1, 0.672299), (2, 0.034170795)]
	99,0,0,2,0.49819508,[(0, 0.27067396), (1, 0.07815786), (2, 0.49819508), (3, 0.14955065)]
	100,0,0,4,0.46789345,[(0, 0.2364817), (1, 0.2919619), (4, 0.46789345)]
	101,5,0,2,0.7858267,[(2, 0.7858267), (4, 0.2071405)]
	102,9,1,2,0.48754466,[(0, 0.26200724), (1, 0.24555759), (2, 0.48754466)]
	103,0,0,1,0.43150088,[(0, 0.31450546), (1, 0.43150088), (4, 0.25008747)]
	104,0,0,0,0.9895301,[(0, 0.9895301)]
	105,9,1,2,0.6299664,[(2, 0.6299664), (4, 0.3642098)]
	106,5,0,2,0.9912795,[(2, 0.9912795)]
	107,0,0,1,0.9872028,[(1, 0.9872028)]
	108,0,0,0,0.6828737,[(0, 0.6828737), (4, 0.30306107)]
	109,0,0,4,0.3800236,[(1, 0.36225525), (2, 0.2520682), (4, 0.3800236)]
	110,0,0,0,0.846692,[(0, 0.846692), (1, 0.1474556)]
	111,0,0,1,0.5134481,[(1, 0.5134481), (2, 0.48154923)]
	112,0,0,0,0.9776645,[(0, 0.9776645)]
	113,0,0,1,0.6803445,[(0, 0.2739942), (1, 0.6803445), (3, 0.039028846)]
	114,0,0,1,0.44865084,[(0, 0.35021675), (1, 0.44865084), (4, 0.19837648)]
	115,0,0,0,0.9900175,[(0, 0.9900175)]
	116,5,0,2,0.6734007,[(0, 0.24029051), (2, 0.6734007), (3, 0.08039337)]
	117,0,0,2,0.58662474,[(1, 0.17096552), (2, 0.58662474), (4, 0.23670495)]
	118,0,0,2,0.65501136,[(1, 0.3382938), (2, 0.65501136)]
	119,0,0,0,0.98807514,[(0, 0.98807514)]
	120,0,0,0,0.98750067,[(0, 0.98750067)]
	121,5,0,2,0.63937104,[(0, 0.3066712), (2, 0.63937104), (4, 0.050775863)]
	122,1,0,2,0.6221687,[(1, 0.36711147), (2, 0.6221687)]
	123,0,0,2,0.4723156,[(0, 0.09260715), (1, 0.4051232), (2, 0.4723156), (4, 0.028889347)]
	124,0,0,0,0.5929264,[(0, 0.5929264), (1, 0.08608631), (4, 0.31494448)]
	125,0,0,0,0.6576487,[(0, 0.6576487), (4, 0.33098635)]
	126,0,0,0,0.98887134,[(0, 0.98887134)]
	127,0,0,2,0.5050736,[(0, 0.42694908), (2, 0.5050736), (3, 0.063674234)]
	128,0,0,0,0.6033559,[(0, 0.6033559), (1, 0.3791566)]
	129,0,0,2,0.6903475,[(2, 0.6903475), (3, 0.053666964), (4, 0.25045675)]
	130,0,0,0,0.80645037,[(0, 0.80645037), (2, 0.1823119)]
	131,0,0,0,0.8242502,[(0, 0.8242502), (1, 0.16276646)]
	132,0,0,2,0.9255179,[(2, 0.9255179), (4, 0.0686499)]
	133,0,0,0,0.53249586,[(0, 0.53249586), (2, 0.46144354)]
	134,0,0,2,0.79034334,[(0, 0.15482388), (1, 0.047237944), (2, 0.79034334)]
	135,0,0,1,0.4138004,[(1, 0.4138004), (2, 0.38170895), (3, 0.19344766)]
	136,0,0,1,0.46640736,[(0, 0.14177771), (1, 0.46640736), (2, 0.34307042), (4, 0.047085438)]
	137,0,0,0,0.58588636,[(0, 0.58588636), (1, 0.40714005)]
	138,0,0,1,0.9937113,[(1, 0.9937113)]
	139,0,0,1,0.65191454,[(1, 0.65191454), (2, 0.20697445), (4, 0.13708794)]
	140,0,0,0,0.7049325,[(0, 0.7049325), (3, 0.2901807)]
	141,0,0,0,0.59274983,[(0, 0.59274983), (1, 0.40055493)]
	142,0,0,0,0.91799814,[(0, 0.91799814), (1, 0.07465946)]
	143,5,0,2,0.98924196,[(2, 0.98924196)]
	144,0,0,2,0.8290599,[(2, 0.8290599), (4, 0.15991452)]
	145,0,0,2,0.6156417,[(1, 0.16819566), (2, 0.6156417), (3, 0.070727095), (4, 0.14284179)]
	146,1,0,2,0.51706684,[(0, 0.47282925), (2, 0.51706684)]
	147,0,0,0,0.74622065,[(0, 0.74622065), (2, 0.245951)]
	148,1,0,2,0.90265524,[(1, 0.09132957), (2, 0.90265524)]
	149,0,0,0,0.99506134,[(0, 0.99506134)]
	150,9,1,4,0.99271286,[(4, 0.99271286)]
	151,0,0,0,0.7052066,[(0, 0.7052066), (2, 0.12487976), (4, 0.1639382)]
	152,0,0,1,0.6545036,[(1, 0.6545036), (2, 0.34072697)]
	153,0,0,2,0.5510926,[(0, 0.44053924), (2, 0.5510926)]
	154,5,0,2,0.5130455,[(0, 0.09486576), (1, 0.3798009), (2, 0.5130455)]
	155,0,0,2,0.9888027,[(2, 0.9888027)]
	156,5,0,1,0.98794883,[(1, 0.98794883)]
	157,1,0,1,0.35628846,[(0, 0.2871373), (1, 0.35628846), (2, 0.35365397)]
	158,0,0,4,0.9856164,[(4, 0.9856164)]
	159,0,0,0,0.49975953,[(0, 0.49975953), (1, 0.49057606)]
	160,5,0,2,0.73679256,[(1, 0.19430272), (2, 0.73679256), (4, 0.06430471)]
	161,0,0,0,0.48508435,[(0, 0.48508435), (2, 0.4078163), (3, 0.10104206)]
	162,0,0,0,0.7703022,[(0, 0.7703022), (3, 0.22118497)]
	163,0,0,0,0.5716985,[(0, 0.5716985), (2, 0.42132273)]
	164,0,0,2,0.43290657,[(1, 0.2738093), (2, 0.43290657), (4, 0.2891078)]
	165,0,0,3,0.6779717,[(2, 0.31461436), (3, 0.6779717)]
	166,5,0,2,0.95941633,[(0, 0.036185507), (2, 0.95941633)]
	167,5,0,2,0.8942653,[(0, 0.10161731), (2, 0.8942653)]
	168,0,0,0,0.8036576,[(0, 0.8036576), (2, 0.186206)]
	169,0,0,0,0.708474,[(0, 0.708474), (4, 0.2762533)]
	170,0,0,2,0.98941624,[(2, 0.98941624)]
	171,9,1,2,0.5504113,[(2, 0.5504113), (4, 0.44401738)]
	172,0,0,0,0.6215877,[(0, 0.6215877), (4, 0.37137428)]
	173,5,0,2,0.5317875,[(0, 0.32758352), (1, 0.12304311), (2, 0.5317875), (3, 0.01621244)]
	174,0,0,2,0.77279675,[(1, 0.22175562), (2, 0.77279675)]
	175,0,0,1,0.62916106,[(1, 0.62916106), (2, 0.36221057)]
	176,0,0,2,0.6543352,[(1, 0.18659347), (2, 0.6543352), (4, 0.15595883)]
	177,0,0,0,0.820465,[(0, 0.820465), (2, 0.10717202), (3, 0.06910941)]
	178,0,0,0,0.85675544,[(0, 0.85675544), (1, 0.13565558)]
	179,0,0,0,0.8360202,[(0, 0.8360202), (2, 0.1546695)]
	180,0,0,1,0.7051372,[(1, 0.7051372), (3, 0.2872736)]
	181,0,0,0,0.58568096,[(0, 0.58568096), (4, 0.4077789)]
	182,0,0,2,0.5538929,[(1, 0.43967816), (2, 0.5538929)]
	183,0,0,0,0.7518376,[(0, 0.7518376), (2, 0.24222867)]
	184,0,0,0,0.792107,[(0, 0.792107), (2, 0.12163633), (3, 0.039740365), (4, 0.04437522)]
	185,0,0,1,0.99215806,[(1, 0.99215806)]
	186,0,0,0,0.71836674,[(0, 0.71836674), (1, 0.09351987), (2, 0.18533859)]
	187,0,0,1,0.5338494,[(1, 0.5338494), (4, 0.45823094)]
	188,0,0,0,0.9795069,[(0, 0.9795069)]
	189,0,0,0,0.99268794,[(0, 0.99268794)]
	190,0,0,1,0.7730928,[(1, 0.7730928), (4, 0.2141314)]
	191,0,0,4,0.978079,[(4, 0.978079)]
	192,0,0,0,0.98732483,[(0, 0.98732483)]
	193,0,0,2,0.44056305,[(0, 0.14119251), (1, 0.41337442), (2, 0.44056305)]
	194,0,0,1,0.48107693,[(0, 0.06736243), (1, 0.48107693), (3, 0.102475315), (4, 0.34740242)]
	195,0,0,1,0.6596006,[(1, 0.6596006), (2, 0.21197712), (4, 0.12291507)]
	196,9,1,1,0.56454206,[(0, 0.24140649), (1, 0.56454206), (2, 0.1886323)]
	197,0,0,1,0.6726683,[(0, 0.25661582), (1, 0.6726683), (4, 0.06478813)]
	198,0,0,1,0.43353274,[(0, 0.3179169), (1, 0.43353274), (2, 0.2067873), (3, 0.04070312)]
	199,0,0,0,0.8633431,[(0, 0.8633431), (2, 0.13287432)]
	200,1,0,2,0.6872174,[(1, 0.2986298), (2, 0.6872174)]
	201,0,0,0,0.9530833,[(0, 0.9530833), (1, 0.04110676)]
	202,0,0,0,0.559011,[(0, 0.559011), (1, 0.3800552), (2, 0.055450153)]
	203,0,0,1,0.50551385,[(1, 0.50551385), (2, 0.49099407)]
	204,0,0,1,0.9910485,[(1, 0.9910485)]
	205,0,0,1,0.6401493,[(0, 0.35164726), (1, 0.6401493)]
	206,0,0,1,0.9942024,[(1, 0.9942024)]
	207,0,0,0,0.58085406,[(0, 0.58085406), (1, 0.15335838), (4, 0.26288196)]
	208,0,0,4,0.67956084,[(0, 0.2114856), (2, 0.10180786), (4, 0.67956084)]
	209,0,0,0,0.6616683,[(0, 0.6616683), (1, 0.33246157)]
	210,0,0,1,0.4967409,[(0, 0.38769415), (1, 0.4967409), (3, 0.11161222)]
	211,0,0,0,0.99232936,[(0, 0.99232936)]
	212,0,0,4,0.40912184,[(0, 0.06160672), (1, 0.35920003), (2, 0.16716446), (4, 0.40912184)]
	213,1,0,2,0.7477502,[(0, 0.24256234), (2, 0.7477502)]
	214,0,0,2,0.76017785,[(1, 0.22851452), (2, 0.76017785)]
	215,0,0,0,0.9863465,[(0, 0.9863465)]
	216,0,0,0,0.5567475,[(0, 0.5567475), (3, 0.21192536), (4, 0.22343792)]
	217,9,1,2,0.5015528,[(1, 0.17861961), (2, 0.5015528), (4, 0.3120815)]
	218,0,0,4,0.4820773,[(1, 0.17332852), (2, 0.33945158), (4, 0.4820773)]
	219,0,0,2,0.8432735,[(2, 0.8432735), (4, 0.15056358)]
	220,0,0,0,0.6667263,[(0, 0.6667263), (2, 0.32535404)]
	221,5,0,2,0.9894665,[(2, 0.9894665)]
	222,0,0,0,0.9918723,[(0, 0.9918723)]
	223,0,0,1,0.56892097,[(0, 0.23228692), (1, 0.56892097), (3, 0.18125461), (4, 0.016004099)]
	224,1,0,2,0.6816308,[(1, 0.30132452), (2, 0.6816308)]
	225,9,1,2,0.8643611,[(2, 0.8643611), (3, 0.099218175), (4, 0.032324046)]
	226,0,0,0,0.80003715,[(0, 0.80003715), (4, 0.19368319)]
	227,0,0,2,0.9248695,[(2, 0.9248695), (4, 0.07065484)]
	228,5,0,0,0.992072,[(0, 0.992072)]
	229,0,0,4,0.59385264,[(2, 0.4003312), (4, 0.59385264)]
	230,0,0,2,0.58073986,[(1, 0.21248698), (2, 0.58073986), (3, 0.20237081)]
	231,0,0,1,0.96522534,[(1, 0.96522534), (3, 0.029930638)]
	232,0,0,2,0.9891493,[(2, 0.9891493)]
	233,0,0,2,0.8148323,[(1, 0.17897053), (2, 0.8148323)]
	234,0,0,0,0.72915214,[(0, 0.72915214), (1, 0.25855133)]
	235,0,0,0,0.99065405,[(0, 0.99065405)]
	236,0,0,0,0.99057776,[(0, 0.99057776)]
	237,0,0,0,0.9895471,[(0, 0.9895471)]
	238,0,0,1,0.45152453,[(1, 0.45152453), (3, 0.1572447), (4, 0.38738343)]
	239,0,0,2,0.6503271,[(1, 0.34404033), (2, 0.6503271)]
	240,0,0,2,0.4059222,[(1, 0.3311001), (2, 0.4059222), (4, 0.25356087)]
	241,0,0,2,0.41587114,[(0, 0.32848814), (1, 0.25225696), (2, 0.41587114)]
	242,1,0,2,0.9894697,[(2, 0.9894697)]
	243,0,0,0,0.7686808,[(0, 0.7686808), (2, 0.21827942)]
	244,0,0,0,0.9789277,[(0, 0.9789277)]
	245,0,0,4,0.7068718,[(1, 0.28711274), (4, 0.7068718)]
	246,0,0,4,0.34679967,[(0, 0.11957763), (1, 0.21861216), (2, 0.3125731), (4, 0.34679967)]
	247,5,0,2,0.99338174,[(2, 0.99338174)]
	248,0,0,0,0.98449206,[(0, 0.98449206)]
	249,0,0,0,0.9915015,[(0, 0.9915015)]
	250,0,0,1,0.40819564,[(0, 0.29033756), (1, 0.40819564), (2, 0.05892646), (3, 0.1170348), (4, 0.12550548)]
	251,5,0,2,0.58602285,[(1, 0.4098396), (2, 0.58602285)]
	252,0,0,1,0.44322997,[(0, 0.34992537), (1, 0.44322997), (3, 0.032076355), (4, 0.17298682)]
	253,0,0,0,0.8472512,[(0, 0.8472512), (2, 0.10289116), (3, 0.042983007)]
	254,0,0,1,0.7093761,[(1, 0.7093761), (2, 0.27482682)]
	255,0,0,0,0.83538973,[(0, 0.83538973), (4, 0.15305997)]
	256,0,0,0,0.9883299,[(0, 0.9883299)]
	257,0,0,0,0.985924,[(0, 0.985924)]
	258,0,0,0,0.8448559,[(0, 0.8448559), (3, 0.14686699)]
	259,0,0,0,0.987686,[(0, 0.987686)]
	260,0,0,0,0.9877996,[(0, 0.9877996)]
	261,0,0,0,0.9878846,[(0, 0.9878846)]
	262,0,0,0,0.9812735,[(0, 0.9812735)]
	263,0,0,0,0.7580417,[(0, 0.7580417), (1, 0.22074266)]
	264,0,0,1,0.98973346,[(1, 0.98973346)]
	265,1,0,2,0.9909334,[(2, 0.9909334)]
	266,0,0,4,0.6787904,[(1, 0.31396982), (4, 0.6787904)]
	267,0,0,1,0.47628808,[(1, 0.47628808), (2, 0.38969252), (4, 0.12939684)]
	268,5,0,2,0.6164589,[(1, 0.37555426), (2, 0.6164589)]
	269,0,0,2,0.9923255,[(2, 0.9923255)]
	270,0,0,0,0.9948655,[(0, 0.9948655)]
	271,0,0,0,0.5639594,[(0, 0.5639594), (1, 0.36665726), (3, 0.0608028)]
	272,0,0,1,0.5041694,[(1, 0.5041694), (2, 0.49040917)]
	273,0,0,2,0.5466649,[(1, 0.44825232), (2, 0.5466649)]
	274,0,0,1,0.9906134,[(1, 0.9906134)]
	275,0,0,0,0.98887485,[(0, 0.98887485)]
	276,0,0,0,0.9943594,[(0, 0.9943594)]
	277,0,0,4,0.41650963,[(0, 0.35654554), (2, 0.22268414), (4, 0.41650963)]
	278,0,0,0,0.9886645,[(0, 0.9886645)]
	279,0,0,1,0.9939458,[(1, 0.9939458)]
	280,0,0,0,0.5247112,[(0, 0.5247112), (2, 0.434321), (4, 0.035850376)]
	281,0,0,2,0.43817103,[(1, 0.1223212), (2, 0.43817103), (4, 0.4306084)]
	282,0,0,4,0.40418124,[(0, 0.35441586), (1, 0.23710659), (4, 0.40418124)]
	283,0,0,2,0.6114507,[(1, 0.38423654), (2, 0.6114507)]
	284,0,0,0,0.98970526,[(0, 0.98970526)]
	285,0,0,1,0.6375393,[(1, 0.6375393), (2, 0.35673758)]
	286,0,0,2,0.99161667,[(2, 0.99161667)]
	287,0,0,2,0.80857664,[(2, 0.80857664), (4, 0.1870086)]
	288,0,0,2,0.882381,[(2, 0.882381), (4, 0.10911024)]
	289,0,0,2,0.8426431,[(1, 0.14917277), (2, 0.8426431)]
	290,0,0,2,0.98598045,[(2, 0.98598045)]
	291,0,0,0,0.77067643,[(0, 0.77067643), (3, 0.22391813)]
	292,0,0,0,0.8842956,[(0, 0.8842956), (3, 0.10952156)]
	293,9,1,2,0.9905816,[(2, 0.9905816)]
	294,0,0,2,0.71652156,[(2, 0.71652156), (3, 0.2770656)]
	295,0,0,0,0.5542039,[(0, 0.5542039), (1, 0.4382754)]
	296,0,0,4,0.7540673,[(0, 0.24001423), (4, 0.7540673)]
	297,0,0,2,0.99214685,[(2, 0.99214685)]
	298,0,0,0,0.9445858,[(0, 0.9445858), (3, 0.050387073)]
	299,0,0,0,0.7520836,[(0, 0.7520836), (1, 0.1559795), (4, 0.08108221)]
	300,0,0,0,0.67813164,[(0, 0.67813164), (1, 0.3112885)]
	301,0,0,1,0.9906181,[(1, 0.9906181)]
	302,0,0,0,0.84271187,[(0, 0.84271187), (4, 0.14524822)]
	303,5,0,0,0.7764739,[(0, 0.7764739), (1, 0.21103437)]
	304,0,0,4,0.9893262,[(4, 0.9893262)]
	305,0,0,0,0.67558396,[(0, 0.67558396), (1, 0.08975406), (3, 0.22752285)]
	306,0,0,0,0.9898365,[(0, 0.9898365)]
	307,0,0,0,0.84880835,[(0, 0.84880835), (1, 0.14576717)]
	308,0,0,2,0.9946455,[(2, 0.9946455)]
	309,0,0,4,0.9870736,[(4, 0.9870736)]
	310,0,0,4,0.71442026,[(3, 0.28019264), (4, 0.71442026)]
	311,0,0,1,0.7249668,[(1, 0.7249668), (4, 0.2692215)]
	312,0,0,3,0.99637187,[(3, 0.99637187)]
	313,0,0,1,0.43018994,[(0, 0.16174203), (1, 0.43018994), (2, 0.09094921), (3, 0.09910732), (4, 0.2180115)]
	314,0,0,4,0.3379659,[(1, 0.1366039), (2, 0.279694), (3, 0.24255234), (4, 0.3379659)]
	315,0,0,3,0.99865085,[(3, 0.99865085)]
	316,0,0,2,0.890598,[(0, 0.104824275), (2, 0.890598)]
	317,0,0,3,0.99903446,[(3, 0.99903446)]
	318,0,0,4,0.99289393,[(4, 0.99289393)]
	319,0,0,0,0.8930837,[(0, 0.8930837), (3, 0.09955064)]
	320,0,0,0,0.75746363,[(0, 0.75746363), (2, 0.23457651)]
	321,1,0,2,0.8635191,[(0, 0.13104063), (2, 0.8635191)]
	322,0,0,0,0.71015906,[(0, 0.71015906), (4, 0.2816335)]
	323,0,0,1,0.50925916,[(0, 0.4866191), (1, 0.50925916)]
	324,0,0,0,0.93294907,[(0, 0.93294907), (1, 0.060496617)]
	325,0,0,2,0.68370616,[(1, 0.31083), (2, 0.68370616)]
	326,0,0,0,0.817136,[(0, 0.817136), (2, 0.1763596)]
	327,0,0,1,0.41377267,[(0, 0.32747588), (1, 0.41377267), (2, 0.14285088), (3, 0.11331946)]
	328,0,0,0,0.9927956,[(0, 0.9927956)]
	329,0,0,2,0.48863652,[(1, 0.43671438), (2, 0.48863652), (3, 0.07037643)]
	330,9,1,2,0.9914761,[(2, 0.9914761)]
	331,1,0,2,0.5959408,[(1, 0.2840659), (2, 0.5959408), (4, 0.11670973)]
	332,0,0,0,0.99500763,[(0, 0.99500763)]
	333,0,0,0,0.6577536,[(0, 0.6577536), (2, 0.11162828), (4, 0.22411056)]
	334,0,0,0,0.59276915,[(0, 0.59276915), (2, 0.40095884)]
	335,0,0,4,0.4339698,[(0, 0.32947436), (1, 0.23263642), (4, 0.4339698)]
	336,0,0,1,0.3605733,[(0, 0.27593064), (1, 0.3605733), (2, 0.28624478), (4, 0.07341714)]
	337,0,0,2,0.6955599,[(1, 0.23393673), (2, 0.6955599), (4, 0.06732457)]
	338,0,0,1,0.98698354,[(1, 0.98698354)]
	339,0,0,1,0.7381606,[(0, 0.2536735), (1, 0.7381606)]
	340,0,0,2,0.475942,[(0, 0.474264), (1, 0.046323556), (2, 0.475942)]
	341,0,0,2,0.83546054,[(0, 0.06854244), (1, 0.09304416), (2, 0.83546054)]
	342,9,1,0,0.90133107,[(0, 0.90133107), (3, 0.096384466)]
	343,0,0,0,0.52385545,[(0, 0.52385545), (2, 0.38630134), (3, 0.08652761)]
	344,0,0,0,0.33132577,[(0, 0.33132577), (1, 0.2942523), (2, 0.19396177), (3, 0.1712073)]
	345,0,0,4,0.57279193,[(2, 0.4196347), (4, 0.57279193)]
	346,0,0,3,0.9953404,[(3, 0.9953404)]
	347,0,0,0,0.9951122,[(0, 0.9951122)]
	348,0,0,1,0.9969472,[(1, 0.9969472)]
	349,0,0,3,0.4872971,[(0, 0.14531732), (2, 0.166052), (3, 0.4872971), (4, 0.19947352)]
	350,0,0,2,0.726577,[(2, 0.726577), (4, 0.26817334)]
	351,0,0,1,0.5463632,[(0, 0.4468821), (1, 0.5463632)]
	352,0,0,4,0.9984562,[(4, 0.9984562)]
	353,9,1,0,0.7728183,[(0, 0.7728183), (3, 0.21713659)]
	354,5,0,1,0.9958071,[(1, 0.9958071)]
	355,0,0,1,0.9951367,[(1, 0.9951367)]
	356,0,0,2,0.7464093,[(1, 0.24794975), (2, 0.7464093)]
	357,0,0,1,0.9779552,[(1, 0.9779552)]
	358,9,1,4,0.99503696,[(4, 0.99503696)]
	359,0,0,4,0.99746686,[(4, 0.99746686)]
	360,0,0,2,0.51572436,[(1, 0.47702295), (2, 0.51572436)]
	361,0,0,4,0.645777,[(2, 0.3498757), (4, 0.645777)]
	362,0,0,4,0.54552543,[(1, 0.44901288), (4, 0.54552543)]
	363,0,0,0,0.6018335,[(0, 0.6018335), (1, 0.38947505)]
	364,0,0,0,0.8090352,[(0, 0.8090352), (2, 0.18377252)]
	365,0,0,2,0.63346404,[(1, 0.35688457), (2, 0.63346404)]
	366,0,0,1,0.9895309,[(1, 0.9895309)]
	367,0,0,2,0.60745937,[(1, 0.38449988), (2, 0.60745937)]
	368,0,0,0,0.711357,[(0, 0.711357), (2, 0.102797866), (4, 0.18241315)]
	369,0,0,1,0.6702546,[(0, 0.12205779), (1, 0.6702546), (2, 0.2029224)]
	370,0,0,1,0.8358796,[(0, 0.15532343), (1, 0.8358796)]
	371,0,0,2,0.6190349,[(0, 0.24918449), (1, 0.12863909), (2, 0.6190349)]
	372,0,0,0,0.98984605,[(0, 0.98984605)]
	373,0,0,1,0.66513103,[(1, 0.66513103), (2, 0.33010224)]
	374,0,0,1,0.99140924,[(1, 0.99140924)]
	375,0,0,4,0.46245047,[(0, 0.30552518), (1, 0.22836779), (4, 0.46245047)]
	376,0,0,0,0.80874676,[(0, 0.80874676), (4, 0.1781848)]
	377,0,0,1,0.7125249,[(0, 0.27901512), (1, 0.7125249)]
	378,0,0,0,0.9883333,[(0, 0.9883333)]
	379,5,0,2,0.9888478,[(2, 0.9888478)]
	380,0,0,0,0.9558582,[(0, 0.9558582), (3, 0.0372936)]
	381,0,0,0,0.95174205,[(0, 0.95174205), (3, 0.042345688)]
	382,0,0,2,0.9894296,[(2, 0.9894296)]
	383,0,0,1,0.77142674,[(0, 0.22137593), (1, 0.77142674)]
	384,0,0,0,0.9898936,[(0, 0.9898936)]
	385,0,0,1,0.9846564,[(1, 0.9846564)]
	386,9,1,1,0.58986336,[(0, 0.10541526), (1, 0.58986336), (4, 0.30042058)]
	387,0,0,3,0.739438,[(1, 0.25732416), (3, 0.739438)]
	388,0,0,1,0.39196494,[(0, 0.23689666), (1, 0.39196494), (2, 0.26690856), (4, 0.10335624)]
	389,0,0,1,0.9237687,[(1, 0.9237687), (3, 0.07170428)]
	390,9,1,1,0.8160787,[(1, 0.8160787), (3, 0.1809547)]
	391,9,1,3,0.99726486,[(3, 0.99726486)]
	392,5,0,4,0.39778703,[(0, 0.3813287), (2, 0.14810249), (3, 0.069615304), (4, 0.39778703)]
	393,5,0,2,0.9978861,[(2, 0.9978861)]
	394,0,0,0,0.37230623,[(0, 0.37230623), (1, 0.33488178), (4, 0.28761226)]
	395,0,0,3,0.99481845,[(3, 0.99481845)]
	396,9,1,4,0.99609876,[(4, 0.99609876)]
	397,0,0,1,0.9964286,[(1, 0.9964286)]
	398,0,0,1,0.9963069,[(1, 0.9963069)]
	399,0,0,1,0.7243707,[(1, 0.7243707), (3, 0.27270615)]
	400,0,0,3,0.3210036,[(0, 0.17122492), (1, 0.18418467), (2, 0.06079846), (3, 0.3210036), (4, 0.26278833)]
	401,0,0,2,0.7761915,[(1, 0.05950186), (2, 0.7761915), (3, 0.09766002), (4, 0.06602188)]
	402,5,0,2,0.66864485,[(0, 0.24321827), (2, 0.66864485), (3, 0.0832482)]
	403,0,0,0,0.3643575,[(0, 0.3643575), (1, 0.31570852), (2, 0.08746992), (3, 0.23041691)]
	404,0,0,0,0.6496871,[(0, 0.6496871), (2, 0.3435486)]
	405,0,0,1,0.43454,[(0, 0.17776258), (1, 0.43454), (4, 0.38175708)]
	406,0,0,0,0.7214762,[(0, 0.7214762), (2, 0.26977342)]
	407,0,0,1,0.30991197,[(0, 0.0681494), (1, 0.30991197), (2, 0.09531761), (3, 0.3095645), (4, 0.21705656)]
	408,5,0,0,0.49692342,[(0, 0.49692342), (2, 0.3915075), (4, 0.10990433)]
	409,0,0,0,0.992589,[(0, 0.992589)]
	410,0,0,3,0.99617875,[(3, 0.99617875)]
	411,0,0,0,0.98695916,[(0, 0.98695916)]
	412,0,0,0,0.5969358,[(0, 0.5969358), (2, 0.3949767)]
	413,5,0,2,0.9395807,[(2, 0.9395807), (4, 0.05642303)]
	414,0,0,0,0.68691075,[(0, 0.68691075), (1, 0.19670677), (2, 0.112351276)]
	415,5,0,2,0.7093675,[(0, 0.2766417), (2, 0.7093675), (3, 0.0116371345)]
	416,0,0,2,0.99242914,[(2, 0.99242914)]
	417,0,0,2,0.97848636,[(2, 0.97848636)]
	418,0,0,0,0.98493654,[(0, 0.98493654)]
	419,0,0,2,0.42543983,[(0, 0.36293525), (1, 0.20741183), (2, 0.42543983)]
	420,0,0,2,0.6766418,[(1, 0.2119033), (2, 0.6766418), (3, 0.107953526)]
	421,0,0,0,0.87136954,[(0, 0.87136954), (2, 0.1209448)]
	422,0,0,0,0.65975463,[(0, 0.65975463), (1, 0.16469881), (2, 0.17232578)]
	423,0,0,4,0.64571184,[(1, 0.34685534), (4, 0.64571184)]
	424,0,0,0,0.90280294,[(0, 0.90280294), (2, 0.089786015)]
	425,0,0,0,0.49591216,[(0, 0.49591216), (1, 0.106911264), (2, 0.29077163), (3, 0.10423355)]
	426,9,1,4,0.97977334,[(1, 0.013901779), (4, 0.97977334)]
	427,5,0,2,0.9459784,[(2, 0.9459784), (4, 0.047461055)]
	428,0,0,0,0.6149183,[(0, 0.6149183), (1, 0.37603444)]
	429,0,0,1,0.28507805,[(0, 0.20341113), (1, 0.28507805), (2, 0.26090094), (3, 0.24824134)]
	430,5,0,2,0.544249,[(1, 0.44634485), (2, 0.544249)]
	431,5,0,2,0.9884884,[(2, 0.9884884)]
	432,0,0,2,0.4890977,[(1, 0.36914414), (2, 0.4890977), (4, 0.13872163)]
	433,0,0,2,0.55854243,[(0, 0.19715434), (2, 0.55854243), (3, 0.24192251)]
	434,0,0,0,0.5306759,[(0, 0.5306759), (2, 0.46417356)]
	435,0,0,4,0.3253243,[(0, 0.19503048), (1, 0.16947429), (2, 0.3087579), (4, 0.3253243)]
	436,0,0,0,0.6243865,[(0, 0.6243865), (1, 0.3659327)]
	437,9,1,2,0.64988387,[(0, 0.34300557), (2, 0.64988387)]
	438,0,0,4,0.5034451,[(0, 0.17532527), (2, 0.31849968), (4, 0.5034451)]
	439,5,0,1,0.8850018,[(1, 0.8850018), (2, 0.101420715)]
	440,0,0,0,0.98721397,[(0, 0.98721397)]
	441,0,0,2,0.98917556,[(2, 0.98917556)]
	442,0,0,1,0.44423845,[(0, 0.16489261), (1, 0.44423845), (2, 0.3856459)]
	443,0,0,0,0.77768517,[(0, 0.77768517), (2, 0.11112822), (3, 0.1079326)]
	444,0,0,3,0.4158512,[(2, 0.27378747), (3, 0.4158512), (4, 0.30545747)]
	445,5,0,2,0.99215496,[(2, 0.99215496)]
	446,0,0,0,0.52951175,[(0, 0.52951175), (1, 0.2663492), (2, 0.19967589)]
	447,0,0,0,0.9886596,[(0, 0.9886596)]
	448,0,0,0,0.40133548,[(0, 0.40133548), (1, 0.27454662), (2, 0.31864354)]
	449,1,0,2,0.5876193,[(0, 0.40204707), (2, 0.5876193)]
	450,0,0,0,0.9900598,[(0, 0.9900598)]
	451,0,0,0,0.6637717,[(0, 0.6637717), (1, 0.015469602), (2, 0.15448159), (4, 0.16449244)]
	452,0,0,1,0.8215305,[(0, 0.17117174), (1, 0.8215305)]
	453,0,0,2,0.5012132,[(1, 0.49130586), (2, 0.5012132)]
	454,0,0,0,0.44421175,[(0, 0.44421175), (2, 0.42738882), (3, 0.051452074), (4, 0.07502465)]
	455,0,0,4,0.51668406,[(2, 0.47834337), (4, 0.51668406)]
	456,0,0,2,0.9931982,[(2, 0.9931982)]
	457,0,0,1,0.5612488,[(1, 0.5612488), (2, 0.25869453), (4, 0.17718527)]
	458,0,0,4,0.5209624,[(2, 0.47482023), (4, 0.5209624)]
	459,0,0,4,0.37089375,[(0, 0.22928245), (1, 0.23303172), (3, 0.16498536), (4, 0.37089375)]
	460,0,0,0,0.99068516,[(0, 0.99068516)]
	461,0,0,2,0.764603,[(1, 0.22950463), (2, 0.764603)]
	462,0,0,0,0.9922618,[(0, 0.9922618)]
	463,0,0,0,0.97517145,[(0, 0.97517145)]
	464,0,0,0,0.5134241,[(0, 0.5134241), (2, 0.48000404)]
	465,0,0,0,0.98993015,[(0, 0.98993015)]
	466,0,0,0,0.7273793,[(0, 0.7273793), (2, 0.18275149), (4, 0.08518645)]
	467,0,0,2,0.6805355,[(1, 0.3126498), (2, 0.6805355)]
	468,0,0,0,0.7022309,[(0, 0.7022309), (1, 0.2469389), (2, 0.042980045)]
	469,9,1,4,0.4263109,[(0, 0.15223676), (1, 0.31941733), (3, 0.09914349), (4, 0.4263109)]
	470,0,0,2,0.55252135,[(2, 0.55252135), (3, 0.20654255), (4, 0.23335455)]
	471,9,1,2,0.3845543,[(0, 0.12774222), (1, 0.19579563), (2, 0.3845543), (4, 0.2894602)]
	472,0,0,1,0.98937124,[(1, 0.98937124)]
	473,0,0,4,0.56374127,[(0, 0.42667636), (4, 0.56374127)]
	474,0,0,0,0.9235142,[(0, 0.9235142), (3, 0.069598466)]
	475,5,0,2,0.9901147,[(2, 0.9901147)]
	476,0,0,0,0.99150115,[(0, 0.99150115)]
	477,0,0,0,0.48705736,[(0, 0.48705736), (1, 0.23153749), (2, 0.2751759)]
	478,0,0,2,0.48001888,[(1, 0.3597367), (2, 0.48001888), (3, 0.043880653), (4, 0.11416888)]
	479,0,0,0,0.9935028,[(0, 0.9935028)]
	480,0,0,0,0.78219014,[(0, 0.78219014), (1, 0.13456103), (3, 0.078476496)]
	481,0,0,0,0.78896207,[(0, 0.78896207), (2, 0.098605916), (4, 0.10788095)]
	482,0,0,0,0.83333945,[(0, 0.83333945), (2, 0.15716939)]
	483,5,0,2,0.76181626,[(0, 0.18939422), (2, 0.76181626), (4, 0.044174436)]
	484,5,0,2,0.6306412,[(0, 0.045340583), (1, 0.16727033), (2, 0.6306412), (4, 0.15227203)]
	485,0,0,0,0.9927733,[(0, 0.9927733)]
	486,0,0,0,0.8049561,[(0, 0.8049561), (1, 0.077549346), (3, 0.11375614)]
	487,5,0,2,0.73336947,[(1, 0.25874415), (2, 0.73336947)]
	488,0,0,1,0.41088542,[(0, 0.30984443), (1, 0.41088542), (4, 0.27406007)]
	489,0,0,0,0.945147,[(0, 0.945147), (3, 0.050003596)]
	490,5,0,2,0.63312674,[(1, 0.22470273), (2, 0.63312674), (3, 0.04624132), (4, 0.09383616)]
	491,9,1,2,0.9914369,[(2, 0.9914369)]
	492,0,0,4,0.48886636,[(0, 0.2880316), (2, 0.21873482), (4, 0.48886636)]
	493,0,0,0,0.83274925,[(0, 0.83274925), (2, 0.16232279)]
	494,0,0,2,0.7675794,[(0, 0.19122209), (2, 0.7675794), (3, 0.038653467)]
	495,0,0,0,0.62030005,[(0, 0.62030005), (1, 0.37388286)]
	496,1,0,2,0.83866376,[(2, 0.83866376), (3, 0.025334707), (4, 0.12852514)]
	497,0,0,4,0.99022347,[(4, 0.99022347)]
	498,0,0,0,0.98540705,[(0, 0.98540705)]
	499,5,0,2,0.5054362,[(0, 0.48829266), (2, 0.5054362)]
	500,0,0,1,0.9879498,[(1, 0.9879498)]
	501,0,0,0,0.6909119,[(0, 0.6909119), (1, 0.15370902), (4, 0.1496481)]
	502,0,0,2,0.99465317,[(2, 0.99465317)]
	503,0,0,1,0.45188913,[(0, 0.32579875), (1, 0.45188913), (2, 0.2170761)]
	504,5,0,2,0.7274001,[(2, 0.7274001), (4, 0.26649916)]
	505,0,0,1,0.4777514,[(0, 0.15020181), (1, 0.4777514), (4, 0.36617985)]
	506,5,0,2,0.79849803,[(2, 0.79849803), (4, 0.19637834)]
	507,0,0,1,0.9908656,[(1, 0.9908656)]
	508,0,0,2,0.8263767,[(1, 0.16694131), (2, 0.8263767)]
	509,5,0,2,0.8882623,[(1, 0.08809279), (2, 0.8882623), (3, 0.020628488)]
	510,1,0,2,0.86336607,[(1, 0.13107811), (2, 0.86336607)]
	511,9,1,2,0.42669496,[(1, 0.36641464), (2, 0.42669496), (4, 0.2021434)]
	512,0,0,0,0.9836505,[(0, 0.9836505)]
	513,0,0,0,0.39678648,[(0, 0.39678648), (1, 0.2941248), (2, 0.30635127)]
	514,0,0,0,0.99149543,[(0, 0.99149543)]
	515,0,0,0,0.4250961,[(0, 0.4250961), (2, 0.18063432), (3, 0.39056858)]
	516,0,0,0,0.43288028,[(0, 0.43288028), (1, 0.3761906), (4, 0.18514682)]
	517,0,0,0,0.9923593,[(0, 0.9923593)]
	518,0,0,0,0.6246428,[(0, 0.6246428), (1, 0.30376285), (2, 0.06642008)]
	519,0,0,3,0.9907346,[(3, 0.9907346)]
	520,0,0,2,0.5870584,[(2, 0.5870584), (4, 0.40947863)]
	521,0,0,2,0.8906027,[(0, 0.10481987), (2, 0.8906027)]
	522,0,0,1,0.5349979,[(0, 0.45722836), (1, 0.5349979)]
	523,0,0,1,0.61872077,[(1, 0.61872077), (2, 0.30763385), (4, 0.07034689)]
	524,0,0,0,0.99154514,[(0, 0.99154514)]
	525,0,0,0,0.9275865,[(0, 0.9275865), (4, 0.0679256)]
	526,0,0,2,0.7228103,[(0, 0.09164294), (1, 0.18109563), (2, 0.7228103)]
	527,0,0,0,0.7051371,[(0, 0.7051371), (2, 0.2021272), (3, 0.052134864), (4, 0.038997825)]
	528,0,0,2,0.4262199,[(0, 0.19779766), (1, 0.37290284), (2, 0.4262199)]
	529,0,0,1,0.69165593,[(0, 0.30161327), (1, 0.69165593)]
	530,0,0,4,0.41945264,[(0, 0.38685167), (2, 0.18939218), (4, 0.41945264)]
	531,0,0,2,0.9771592,[(2, 0.9771592)]
	532,0,0,4,0.40067777,[(0, 0.2440193), (1, 0.34787917), (4, 0.40067777)]
	533,9,1,0,0.40666178,[(0, 0.40666178), (1, 0.2877154), (4, 0.3010175)]
	534,0,0,4,0.7767133,[(0, 0.21520337), (4, 0.7767133)]
	535,0,0,1,0.36169714,[(0, 0.18062851), (1, 0.36169714), (2, 0.18106118), (4, 0.27501056)]
	536,0,0,0,0.86871755,[(0, 0.86871755), (2, 0.12507169)]
	537,5,0,4,0.5727839,[(2, 0.41964275), (4, 0.5727839)]
	538,0,0,0,0.7090968,[(0, 0.7090968), (2, 0.284997)]
	539,0,0,0,0.6001101,[(0, 0.6001101), (1, 0.22440872), (4, 0.1699647)]
	540,5,0,0,0.7728171,[(0, 0.7728171), (3, 0.2171358)]
	541,5,0,0,0.43222567,[(0, 0.43222567), (1, 0.21385421), (2, 0.34980622)]
	542,0,0,0,0.9906686,[(0, 0.9906686)]
	543,0,0,2,0.74339634,[(1, 0.25254193), (2, 0.74339634)]
	544,0,0,0,0.99089575,[(0, 0.99089575)]
	545,0,0,0,0.99121237,[(0, 0.99121237)]
	546,1,0,0,0.53016746,[(0, 0.53016746), (2, 0.3181657), (4, 0.14819816)]
	547,0,0,0,0.6501896,[(0, 0.6501896), (1, 0.2812629), (2, 0.04595659), (4, 0.020921465)]
	548,0,0,1,0.66358936,[(0, 0.3301855), (1, 0.66358936)]
	549,0,0,1,0.5746566,[(1, 0.5746566), (4, 0.40066534)]
	550,5,0,0,0.6814416,[(0, 0.6814416), (2, 0.26208994), (3, 0.050425358)]
	551,0,0,0,0.86770135,[(0, 0.86770135), (4, 0.12699188)]
	552,0,0,2,0.6959756,[(0, 0.29413515), (2, 0.6959756)]
	553,0,0,4,0.991481,[(4, 0.991481)]
	554,0,0,1,0.70002264,[(0, 0.2335243), (1, 0.70002264), (2, 0.06035275)]
	555,0,0,0,0.4679825,[(0, 0.4679825), (1, 0.38445526), (3, 0.088010766), (4, 0.057057425)]
	556,0,0,0,0.79938954,[(0, 0.79938954), (3, 0.18925533)]
	557,0,0,4,0.98882604,[(4, 0.98882604)]
	558,5,0,2,0.77968013,[(2, 0.77968013), (3, 0.21468545)]
	559,0,0,2,0.989807,[(2, 0.989807)]
	560,1,0,0,0.50327027,[(0, 0.50327027), (1, 0.44902858), (4, 0.043922164)]
	561,0,0,2,0.61888397,[(0, 0.083141886), (1, 0.29396984), (2, 0.61888397)]
	562,0,0,2,0.9232175,[(1, 0.07178979), (2, 0.9232175)]
	563,5,0,2,0.81637603,[(2, 0.81637603), (4, 0.17820644)]
	564,0,0,4,0.9922721,[(4, 0.9922721)]
	565,0,0,4,0.99227107,[(4, 0.99227107)]
	566,0,0,2,0.5922418,[(2, 0.5922418), (4, 0.40207818)]
	567,0,0,2,0.9949976,[(2, 0.9949976)]
	568,0,0,1,0.44181386,[(0, 0.15548861), (1, 0.44181386), (2, 0.06825774), (3, 0.33313128)]
	569,0,0,0,0.89227486,[(0, 0.89227486), (3, 0.10314756)]
	570,0,0,0,0.9934778,[(0, 0.9934778)]
	571,0,0,0,0.91521084,[(0, 0.91521084), (1, 0.079909764)]
	572,0,0,0,0.77095675,[(0, 0.77095675), (1, 0.058786247), (4, 0.16691996)]
	573,0,0,0,0.9680966,[(0, 0.9680966), (3, 0.02358955)]
	574,0,0,0,0.4957673,[(0, 0.4957673), (3, 0.22126137), (4, 0.27967086)]
	575,0,0,2,0.99190485,[(2, 0.99190485)]
	576,0,0,1,0.66456956,[(1, 0.66456956), (3, 0.2290085), (4, 0.101986416)]
	577,0,0,4,0.50567895,[(0, 0.35026535), (2, 0.14047377), (4, 0.50567895)]
	578,0,0,0,0.768751,[(0, 0.768751), (2, 0.02794395), (3, 0.031100314), (4, 0.17142534)]
	579,0,0,0,0.83641183,[(0, 0.83641183), (1, 0.15537065)]
	580,0,0,1,0.8014084,[(1, 0.8014084), (2, 0.18707922)]
	581,0,0,2,0.66855115,[(1, 0.32715777), (2, 0.66855115)]
	582,0,0,0,0.9390493,[(0, 0.9390493), (1, 0.054743417)]
	583,0,0,1,0.49417576,[(0, 0.28664786), (1, 0.49417576), (2, 0.21651503)]
	584,0,0,0,0.99224323,[(0, 0.99224323)]
	585,0,0,1,0.53200203,[(0, 0.45475218), (1, 0.53200203)]
	586,0,0,4,0.34755778,[(0, 0.32299396), (1, 0.32607478), (4, 0.34755778)]
	587,0,0,0,0.71853316,[(0, 0.71853316), (2, 0.27459887)]
	588,0,0,0,0.7659037,[(0, 0.7659037), (2, 0.09988475), (4, 0.12899101)]
	589,0,0,1,0.99211705,[(1, 0.99211705)]
	590,0,0,4,0.88033915,[(0, 0.024325656), (2, 0.092106454), (4, 0.88033915)]
	591,0,0,2,0.76825964,[(0, 0.22547956), (2, 0.76825964)]
	592,0,0,2,0.8888142,[(0, 0.10619336), (2, 0.8888142)]
	593,0,0,0,0.96575266,[(0, 0.96575266), (2, 0.02719197)]
	594,0,0,2,0.6715818,[(1, 0.26218605), (2, 0.6715818), (4, 0.06304968)]
	595,5,0,2,0.73177594,[(1, 0.26212868), (2, 0.73177594)]
	596,0,0,1,0.54009485,[(1, 0.54009485), (2, 0.45448503)]
	597,0,0,4,0.91390574,[(0, 0.08061763), (4, 0.91390574)]
	598,0,0,2,0.42610586,[(1, 0.20111854), (2, 0.42610586), (4, 0.36993995)]
	599,0,0,1,0.5621329,[(1, 0.5621329), (2, 0.4325588)]
	600,0,0,2,0.78109586,[(0, 0.20853026), (2, 0.78109586)]
	601,0,0,2,0.42552054,[(1, 0.3904641), (2, 0.42552054), (3, 0.17532457)]
	602,0,0,0,0.6661062,[(0, 0.6661062), (2, 0.32726693)]
	603,0,0,2,0.5272006,[(1, 0.31309816), (2, 0.5272006), (4, 0.15662464)]
	604,0,0,4,0.9901855,[(4, 0.9901855)]
	605,0,0,2,0.99077976,[(2, 0.99077976)]
	606,0,0,2,0.6145119,[(0, 0.059027288), (1, 0.32130146), (2, 0.6145119)]
	607,0,0,1,0.9559982,[(1, 0.9559982), (2, 0.0341395)]
	608,0,0,2,0.9862389,[(2, 0.9862389)]
	609,0,0,0,0.7857877,[(0, 0.7857877), (1, 0.095463976), (3, 0.11372655)]
	610,0,0,0,0.42230558,[(0, 0.42230558), (2, 0.37370366), (4, 0.20047227)]
	611,0,0,0,0.5016761,[(0, 0.5016761), (3, 0.04697312), (4, 0.44840497)]
	612,0,0,0,0.9900691,[(0, 0.9900691)]
	613,0,0,4,0.9101118,[(0, 0.012340674), (2, 0.048278548), (3, 0.028089935), (4, 0.9101118)]
	614,0,0,0,0.99243873,[(0, 0.99243873)]
	615,0,0,2,0.5107478,[(0, 0.48367128), (2, 0.5107478)]
	616,0,0,0,0.4874459,[(0, 0.4874459), (1, 0.20234874), (2, 0.3037465)]
	617,0,0,1,0.33271283,[(0, 0.32476777), (1, 0.33271283), (2, 0.14718392), (3, 0.19319454)]
	618,0,0,2,0.6159356,[(0, 0.2023763), (1, 0.17740257), (2, 0.6159356)]
	619,0,0,3,0.6766217,[(0, 0.31845942), (3, 0.6766217)]
	620,0,0,2,0.991331,[(2, 0.991331)]
	621,9,1,1,0.6183444,[(1, 0.6183444), (4, 0.37733647)]
	622,0,0,2,0.9924142,[(2, 0.9924142)]
	623,0,0,2,0.7220711,[(1, 0.27269125), (2, 0.7220711)]
	624,0,0,2,0.99521095,[(2, 0.99521095)]
	625,0,0,1,0.64576614,[(1, 0.64576614), (2, 0.2685814), (3, 0.08151379)]
	626,0,0,3,0.7346132,[(0, 0.2619363), (3, 0.7346132)]
	627,0,0,2,0.8587246,[(0, 0.080897845), (2, 0.8587246), (3, 0.053719528)]
	628,0,0,1,0.7169222,[(1, 0.7169222), (2, 0.28000674)]
	629,0,0,2,0.82419497,[(1, 0.17140381), (2, 0.82419497)]
	630,0,0,1,0.76687115,[(0, 0.22666284), (1, 0.76687115)]
	631,0,0,2,0.9155326,[(2, 0.9155326), (4, 0.07752513)]
	632,0,0,1,0.45788798,[(0, 0.44224024), (1, 0.45788798), (3, 0.09528704)]
	633,0,0,1,0.6214464,[(1, 0.6214464), (2, 0.2102919), (4, 0.16320969)]
	634,0,0,0,0.9864396,[(0, 0.9864396)]
	635,0,0,0,0.57551193,[(0, 0.57551193), (4, 0.4195002)]
	636,0,0,2,0.873597,[(2, 0.873597), (4, 0.11594991)]
	637,0,0,1,0.6902986,[(0, 0.3031157), (1, 0.6902986)]
	638,0,0,0,0.5843377,[(0, 0.5843377), (1, 0.24073133), (3, 0.054218765), (4, 0.1194775)]
	639,0,0,1,0.6838358,[(1, 0.6838358), (2, 0.16446829), (3, 0.046168935), (4, 0.10343764)]
	640,0,0,0,0.616677,[(0, 0.616677), (1, 0.3762944)]
	641,0,0,0,0.7408015,[(0, 0.7408015), (1, 0.11839729), (4, 0.13844359)]
	642,0,0,0,0.80848205,[(0, 0.80848205), (1, 0.18076557)]
	643,0,0,0,0.98984104,[(0, 0.98984104)]
	644,0,0,0,0.8466299,[(0, 0.8466299), (4, 0.1468944)]
	645,0,0,2,0.750263,[(1, 0.24295528), (2, 0.750263)]
	646,0,0,2,0.99148804,[(2, 0.99148804)]
	647,0,0,0,0.98721373,[(0, 0.98721373)]
	648,0,0,2,0.4773151,[(0, 0.17280382), (2, 0.4773151), (4, 0.34548232)]
	649,0,0,2,0.78920084,[(1, 0.014328998), (2, 0.78920084), (3, 0.19340159)]
	650,0,0,3,0.59702086,[(0, 0.3968645), (3, 0.59702086)]
	651,0,0,0,0.586668,[(0, 0.586668), (1, 0.4057977)]
	652,0,0,3,0.99726486,[(3, 0.99726486)]
